id,first_name,last_name,email,gender,favorite_genres,created_at,updated_at
43875,Jay,Johnson,gvasquez@example.net,Male,Hip Hop,2023-07-15T11:21:21,2024-09-14T18:54:53
13559,Jennifer,Delacruz,jacob97@example.org,Genderqueer,Blues,2024-03-02T06:17:42,2025-01-16T07:51:01
38508,Ashley,Lopez,emily05@example.net,Gender questioning,Country,2023-10-20T01:34:48,2025-01-03T16:59:58
30293,Sharon,Newman,hurleylindsay@example.net,Genderqueer,Pop,2024-06-19T09:23:46,2024-09-02T06:18:31
87267,Frank,Riggs,keithbrian@example.com,Agender,Country,2024-03-23T03:58:20,2024-04-06T20:13:47
89859,Melinda,Rhodes,karen62@example.com,Male,Alternative,2023-04-18T19:03:17,2024-04-27T06:51:17
53081,Mark,Rhodes,serranomadison@example.net,Female,Funk,2023-06-19T08:51:51,2024-07-29T17:40:54
54766,Martin,Christensen,richardtucker@example.net,Gender nonconforming,Reggae,2024-08-18T00:24:54,2024-09-13T23:05:56
30710,Albert,Bates,antoniohoward@example.org,Genderqueer,Electronic,2024-05-14T13:28:17,2024-07-26T04:01:31
27409,Andrew,Haas,wgarrison@example.net,Female,Folk,2023-05-13T09:12:15,2024-07-01T00:23:17
64723,Janet,Singh,curtislane@example.org,Genderfluid,Rock,2024-07-29T12:17:54,2024-04-23T20:38:54
99253,Kelli,Fuentes,dmahoney@example.org,Non-binary,Electronic,2024-07-30T05:43:38,2024-03-21T19:47:55
80915,Elizabeth,Kidd,rodriguezbradley@example.org,Male,Funk,2023-03-09T15:08:49,2024-05-03T06:56:36
61827,Teresa,Smith,sandraklein@example.org,Genderfluid,Techno,2023-02-24T22:45:14,2024-11-29T18:21:46
27812,Kirsten,Sweeney,douglasmorris@example.org,Gender nonconforming,Funk,2024-07-01T21:38:32,2025-01-12T23:50:18
16722,Christine,Bush,georgejones@example.net,Genderqueer,Hip Hop,2023-05-20T05:33:25,2024-07-12T14:29:14
69910,Nicholas,Whitehead,richard74@example.com,Bigender,Techno,2024-09-07T19:51:51,2024-07-23T18:54:37
7912,Charles,Figueroa,jlane@example.net,Genderfluid,Alternative,2025-01-30T22:42:55,2024-12-19T00:34:08
13055,Elizabeth,Dalton,robertjohnson@example.net,Bigender,Hip Hop,2023-07-08T20:44:04,2025-02-12T23:51:44
82445,Brian,Mccarthy,hatfieldcatherine@example.net,Female,Alternative,2023-03-21T02:01:50,2024-12-18T20:49:00
74612,Stephen,Powell,philliportiz@example.net,Male,Jazz,2025-02-14T06:22:46,2024-03-05T21:21:59
50566,Edward,Hobbs,higginssteven@example.net,Genderfluid,Metal,2023-03-16T18:45:32,2024-07-12T21:50:59
51867,Krista,Villanueva,riosgloria@example.net,Genderqueer,Indie,2024-09-05T22:53:17,2024-11-01T11:43:10
89804,Austin,Jimenez,melissaphillips@example.com,Male,Blues,2024-05-23T00:15:57,2025-01-20T10:33:00
94461,Andrew,Garza,lcarey@example.org,Genderfluid,Rock,2023-06-01T06:45:17,2025-02-13T03:45:03
62724,John,Franco,williamthompson@example.net,Female,Punk,2024-12-22T22:24:35,2024-05-10T18:54:29
81156,Brenda,Jones,johnsonstephen@example.org,Genderqueer,Punk,2023-04-04T06:05:55,2024-07-29T14:08:32
14258,Carlos,Miller,martinsean@example.org,Male,Rock,2024-09-21T16:30:10,2024-02-20T14:21:21
44740,Robert,Brooks,ycross@example.net,Non-binary,Folk,2023-05-27T07:09:06,2024-11-15T07:23:46
53557,Amanda,Morris,pphillips@example.org,Bigender,Country,2024-06-27T13:44:19,2024-09-08T01:33:11
5627,Roberto,Woods,david72@example.org,Bigender,Classical,2023-04-20T17:56:22,2024-07-07T16:47:01
46546,Jesse,Lynch,anthonyleon@example.org,Genderqueer,Reggae,2023-02-25T19:27:55,2025-02-04T09:20:45
64863,Crystal,Le,danielrobertson@example.com,Non-binary,Funk,2023-03-25T01:31:47,2024-06-01T16:17:57
18526,Jeremiah,Brown,kathybarry@example.net,Gender nonconforming,Jazz,2023-11-25T01:18:01,2024-12-16T04:57:51
24913,James,Fitzpatrick,gsimmons@example.net,Genderqueer,Classical,2024-11-03T12:07:39,2024-07-25T22:39:01
3381,Shawn,Griffin,whitejeffrey@example.org,Bigender,Country,2024-09-29T05:51:18,2025-01-29T06:06:02
9329,Jose,Jenkins,carolynhiggins@example.org,Genderfluid,Country,2024-09-23T17:57:43,2025-01-05T22:21:00
46855,Matthew,Morales,kennedyamanda@example.com,Bigender,Jazz,2023-06-15T12:00:27,2024-04-16T16:54:10
27510,Lawrence,Morales,qhill@example.org,Male,Jazz,2024-03-04T09:55:46,2024-04-25T20:56:51
21985,Mary,Cook,calebnash@example.net,Agender,Country,2023-12-13T10:44:01,2024-06-07T05:26:11
8391,Tonya,Mckay,matthewgonzalez@example.com,Female,Alternative,2024-04-19T21:44:31,2024-10-03T23:12:18
46102,Michael,Jensen,udean@example.com,Male,Electronic,2024-01-02T08:10:03,2025-01-22T16:14:14
40881,Alan,Greene,matthewrodriguez@example.org,Male,Indie,2023-05-11T06:50:47,2024-10-25T02:00:26
72478,Jeanette,Hernandez,frankshepard@example.net,Agender,Punk,2024-03-03T00:12:35,2024-02-28T09:56:24
25296,Matthew,Jones,megan52@example.org,Genderfluid,Classical,2025-01-01T05:20:18,2024-12-08T06:40:11
3183,Jenny,Terry,ashley82@example.net,Genderqueer,Blues,2024-02-22T12:50:57,2024-08-13T03:43:09
62906,Keith,Hammond,steven75@example.org,Genderqueer,Reggae,2023-10-21T18:29:49,2024-09-04T01:06:34
30308,Megan,Robinson,mgibbs@example.org,Genderfluid,Funk,2023-03-12T18:12:16,2024-04-17T13:17:29
57987,Christine,Wilson,marissagarcia@example.org,Gender questioning,Funk,2024-08-12T16:35:29,2024-09-18T01:18:14
76815,Susan,Bowman,nancyjohnson@example.net,Non-binary,Funk,2023-10-05T04:10:34,2024-07-06T17:10:10
28842,Derrick,Mckay,perezlarry@example.net,Gender questioning,Folk,2025-01-27T10:13:30,2024-10-31T13:46:46
24878,Andrea,Long,kmiller@example.com,Agender,Blues,2024-08-15T03:53:45,2024-07-13T03:38:30
51956,Shawn,Davenport,xcohen@example.org,Bigender,R&B,2023-09-07T10:32:54,2024-11-04T05:29:15
43320,James,Martinez,espinozajoel@example.org,Male,Pop,2024-05-16T11:21:13,2024-03-15T09:33:32
68388,Heather,Fields,allen86@example.net,Bigender,Jazz,2023-07-19T17:52:41,2024-11-25T03:03:33
85529,Sandra,Coleman,jasonroy@example.org,Non-binary,Indie,2023-08-08T14:59:31,2025-01-14T00:52:51
53736,Charles,Short,sherri69@example.com,Gender nonconforming,Hip Hop,2024-02-17T04:57:40,2024-03-29T15:55:53
82718,Ryan,Howard,sullivanhenry@example.net,Bigender,R&B,2024-07-20T14:28:45,2024-12-26T12:54:45
49653,Rebecca,Stokes,acurry@example.org,Genderqueer,Classical,2024-05-26T03:46:39,2024-09-07T16:52:58
20613,Jennifer,Romero,parrishjeffrey@example.org,Female,Funk,2024-06-15T10:55:11,2025-02-09T21:53:22
85320,Michael,Perkins,jonesclarence@example.com,Genderqueer,Techno,2025-01-08T11:39:11,2025-01-04T05:48:43
68695,Shannon,Pacheco,derekcole@example.com,Bigender,Indie,2023-09-12T11:41:53,2024-09-21T09:18:54
18990,Jessica,Jones,amandabradford@example.net,Non-binary,Pop,2024-10-27T06:04:46,2024-04-06T15:50:53
25772,Erica,Thompson,jenniferflores@example.net,Agender,R&B,2024-10-04T10:56:32,2024-04-28T07:18:45
97851,Dominique,Richardson,stacey01@example.com,Genderfluid,Metal,2024-05-23T19:27:02,2024-06-07T13:04:37
34980,Jocelyn,Berg,oreid@example.org,Genderqueer,Folk,2023-05-25T03:20:34,2024-12-10T14:20:13
5658,Amber,Gardner,andrew75@example.org,Genderqueer,Techno,2024-05-05T02:02:30,2024-03-21T18:08:59
77729,Mark,Hicks,milesjeremy@example.com,Female,Jazz,2023-07-31T04:12:54,2024-11-08T21:30:38
50777,Nathaniel,Hernandez,jhuynh@example.org,Gender nonconforming,Techno,2024-09-20T13:25:18,2024-10-06T21:26:49
24476,Amy,Young,josephtaylor@example.org,Gender questioning,Alternative,2024-11-23T08:18:01,2024-06-26T19:55:40
4035,Karen,Humphrey,evan30@example.org,Gender nonconforming,Alternative,2023-09-16T20:56:23,2024-11-14T16:12:07
33327,Joseph,Roberts,jonestimothy@example.org,Gender nonconforming,Punk,2024-05-31T05:32:12,2024-11-15T00:02:53
35798,Tina,Thompson,stevensanchez@example.net,Genderfluid,Metal,2024-01-21T19:24:55,2024-09-17T04:05:39
79933,Michael,Olson,melindasimpson@example.com,Gender nonconforming,Electronic,2024-11-12T23:56:45,2024-04-03T01:07:51
32806,Amber,Clark,drew81@example.net,Genderqueer,Folk,2024-04-26T02:34:14,2025-01-23T11:49:23
22273,Billy,Farmer,lfletcher@example.com,Female,Metal,2023-03-09T04:51:28,2024-08-05T14:53:30
67786,Aaron,Miller,saracampbell@example.com,Genderqueer,R&B,2023-07-16T07:43:45,2025-02-01T03:58:13
70825,Michelle,Graham,blake46@example.net,Genderqueer,Punk,2024-09-22T18:05:14,2024-03-20T04:16:57
84529,Brandon,King,briancarey@example.com,Bigender,R&B,2024-12-23T22:50:03,2025-01-07T03:05:42
89855,Nicholas,Martinez,gmaxwell@example.com,Bigender,Hip Hop,2024-06-28T17:03:52,2024-03-06T20:43:56
43503,Jo,Baker,gloria79@example.com,Female,Reggae,2023-06-14T15:28:44,2024-12-29T22:29:19
9317,Jennifer,Fields,williamrodgers@example.net,Genderqueer,Folk,2024-01-29T13:04:00,2024-11-20T04:25:54
96152,Eric,Sanders,acook@example.com,Non-binary,Rock,2024-05-29T02:25:47,2024-12-24T09:36:46
21438,Aaron,Baird,fischerjesus@example.com,Bigender,Reggae,2024-10-24T21:12:09,2024-12-16T11:04:39
72142,Regina,Leonard,kristinegonzales@example.com,Genderqueer,Country,2024-03-05T14:53:38,2024-05-30T03:07:34
48714,Brandon,Harris,pday@example.org,Genderqueer,Hip Hop,2024-03-31T11:19:01,2024-12-21T02:09:53
57167,Raymond,Thomas,john21@example.org,Male,Blues,2024-11-29T09:48:28,2024-10-01T19:58:43
21643,Dennis,Smith,christopheratkinson@example.net,Male,Reggae,2023-04-25T01:07:33,2024-10-20T03:53:45
40415,Margaret,Murphy,briandavidson@example.com,Genderqueer,Reggae,2023-05-28T18:49:33,2024-12-24T13:37:34
8408,Stephanie,Reynolds,robyn39@example.com,Male,Indie,2023-10-25T16:05:50,2024-08-16T00:03:20
44806,Kelly,White,robertomejia@example.net,Non-binary,Electronic,2023-09-11T23:48:32,2024-02-21T18:52:43
92270,Andrew,Hughes,vcooper@example.net,Bigender,Classical,2023-03-28T14:30:42,2024-12-15T11:57:30
43514,Robert,Morrison,richardsonjohn@example.com,Agender,Rock,2024-06-08T08:45:40,2024-03-13T06:27:18
73560,Deborah,Crawford,alyssa25@example.net,Male,Classical,2024-09-20T11:48:50,2024-11-11T18:28:01
64534,William,Castro,jimenezjacob@example.com,Non-binary,Funk,2024-04-03T11:18:51,2024-11-11T04:34:30
10032,Michael,Miller,yhale@example.com,Non-binary,Techno,2023-06-17T07:24:23,2024-05-06T18:16:45
88661,Barbara,Reeves,danielgoodwin@example.org,Bigender,Jazz,2024-10-11T08:31:29,2024-02-18T09:24:33
8948,Daniel,Leonard,rsimon@example.net,Genderqueer,Blues,2024-11-06T12:17:28,2024-03-01T10:21:33
71847,Hayley,Meyer,laurie59@example.org,Genderqueer,Metal,2024-02-03T01:10:55,2024-06-18T15:44:57
64527,Laura,Jimenez,jonesrobert@example.com,Gender nonconforming,Classical,2024-03-20T19:13:34,2024-10-08T13:32:42
